leaf_number, takens, untakens, leaf_loc, cpu-cycles,cache-misses,branch-misses
0,8,0,11,2577873403.0,57936.0,1012656.0,
1,7,1,13,2749801595.0,26366.0,1012960.0,
2,8,1,19,2169892355.0,25135.0,1011532.0,
3,7,2,21,2176949958.0,60710.0,1015123.0,
4,7,2,26,2181009990.0,34706.0,1012500.0,
5,6,3,28,2210209866.0,73838.0,1013831.0,
6,8,1,39,2373175013.0,25581.0,1011399.0,
7,7,2,41,2423966371.0,78106.0,1014509.0,
8,6,2,45,2381362876.0,16814.0,1010476.0,
9,7,2,51,3311106007.0,59585.0,1012422.0,
10,7,3,54,3152318327.0,19342.0,1053869.0,
11,6,4,56,2891764762.0,47579.0,1012708.0,
12,5,3,62,2379081950.0,19164.0,1011136.0,
13,8,1,74,2169671803.0,45173.0,1010244.0,
14,8,2,77,2175015303.0,15548.0,1009455.0,
15,9,3,81,2169449483.0,38376.0,1011009.0,
16,8,4,83,2177358964.0,49440.0,1012225.0,
17,7,4,87,2172638731.0,31856.0,1010148.0,
18,11,2,100,2173287275.0,41233.0,1010292.0,
19,10,3,102,2172291237.0,34807.0,1009318.0,
20,11,3,108,2173641417.0,16151.0,1010239.0,
21,11,4,111,2374442058.0,55594.0,1011984.0,
22,10,5,113,2174333526.0,17678.0,1010254.0,
23,10,4,120,2177725288.0,61836.0,1011185.0,
24,9,5,122,2173285004.0,17474.0,1010092.0,
25,8,3,130,2170836213.0,33440.0,1009543.0,
26,8,3,135,2170271222.0,16109.0,1009785.0,
27,8,4,138,2173053343.0,32606.0,1009678.0,
28,9,5,142,2174733219.0,46468.0,1011085.0,
29,8,6,144,2171338695.0,33624.0,1009767.0,
30,8,6,149,2174048535.0,39579.0,1010652.0,
31,7,7,151,2173111285.0,37898.0,1010702.0,
32,7,3,164,2172591145.0,22601.0,1011272.0,
33,7,4,167,2170510882.0,58751.0,1010680.0,
34,7,5,170,2175720559.0,15524.0,1009781.0,
35,6,6,172,2177310864.0,59053.0,1009924.0,
36,9,2,188,2170886398.0,15706.0,1009973.0,
37,8,3,190,2162568824.0,33809.0,1010336.0,
38,8,3,195,2165385769.0,28062.0,1009862.0,
39,8,4,198,2163291816.0,38629.0,1010017.0,
40,10,5,203,2166066446.0,41462.0,1011197.0,
41,9,6,205,2166027555.0,41032.0,1011462.0,
42,8,6,209,2167263228.0,24357.0,1010020.0,
43,9,6,215,2162703503.0,32201.0,1010008.0,
44,8,7,217,2164374370.0,18051.0,1010299.0,
45,8,7,222,2166467011.0,56759.0,1010480.0,
46,7,8,224,2163916591.0,17494.0,1010649.0,
47,6,3,238,2165876746.0,57785.0,1010560.0,
48,5,3,242,2164256624.0,16648.0,1009698.0,
49,6,2,250,2376628401.0,32185.0,1010185.0,
50,6,3,253,2560821515.0,39337.0,1009859.0,
51,5,4,255,2566863462.0,33233.0,1010845.0,
52,9,3,266,2161217550.0,43993.0,1010718.0,
53,8,4,268,2162170027.0,34754.0,1009847.0,
54,8,4,273,2165885089.0,41223.0,1009882.0,
55,7,5,275,2161952440.0,37361.0,1010745.0,
56,7,4,282,2169143003.0,15647.0,1009959.0,
57,7,5,285,2165306425.0,41801.0,1010881.0,
58,7,6,288,2163185150.0,17743.0,1010162.0,
59,6,7,290,2167626979.0,56393.0,1010213.0,
60,6,4,301,2167239838.0,16964.0,1010227.0,
61,6,5,304,2161699684.0,34204.0,1009530.0,
62,8,6,309,2168674691.0,22688.0,1010773.0,
63,7,7,311,2164734758.0,31918.0,1009713.0,
64,6,7,315,2166027429.0,43409.0,1010114.0,
65,6,7,320,2165378864.0,32788.0,1009875.0,
66,5,8,322,2167450490.0,42024.0,1010660.0,
67,5,4,335,2162859318.0,39735.0,1010757.0,
68,6,5,339,2159467174.0,32991.0,1011102.0,
69,5,6,341,2166598977.0,74858.0,1011391.0,
70,4,6,345,2164095124.0,20708.0,1011066.0,
71,8,1,364,2177571189.0,58453.0,1010687.0,
72,7,2,366,2168707328.0,25730.0,1011757.0,
73,8,2,372,2172774834.0,39252.0,1010873.0,
74,8,3,375,2176386255.0,25489.0,1010126.0,
75,8,4,378,2172650772.0,39479.0,1011309.0,
76,7,5,380,2182874832.0,57881.0,1012021.0,
77,7,3,389,2174054616.0,42634.0,1010690.0,
78,9,4,394,2174173408.0,40930.0,1011910.0,
79,9,5,397,2174478868.0,34414.0,1010582.0,
80,9,6,400,2745765983.0,19796.0,1012133.0,
81,8,7,402,2173977062.0,31101.0,1010030.0,
82,7,5,410,2172464220.0,33730.0,1010079.0,
83,8,5,416,2178754724.0,42509.0,1011110.0,
84,9,6,420,2732637334.0,32885.0,1011138.0,
85,8,7,422,2178144965.0,43429.0,1010678.0,
86,8,7,427,2744622720.0,31892.0,1010691.0,
87,7,8,429,2174334424.0,25050.0,1010660.0,
88,7,6,438,2175870664.0,38449.0,1011140.0,
89,7,7,441,2171138890.0,21228.0,1010546.0,
90,6,8,443,2173688595.0,69929.0,1011668.0,
91,8,2,462,2172975564.0,17361.0,1010906.0,
92,7,3,464,2169889116.0,66832.0,1011253.0,
93,6,3,468,2169101290.0,21565.0,1010591.0,
94,6,3,473,2166999117.0,37772.0,1011111.0,
95,5,4,475,2177839502.0,36983.0,1009663.0,
96,10,2,489,2173053127.0,33194.0,1010424.0,
97,9,3,491,2180241123.0,41211.0,1010162.0,
98,9,3,496,2173777816.0,33042.0,1010457.0,
99,8,4,498,2168738137.0,18821.0,1009881.0,
100,8,3,505,2170971821.0,39881.0,1010372.0,
101,9,4,509,2172726085.0,22769.0,1016799.0,
102,9,5,512,2174940054.0,58579.0,1010603.0,
103,9,6,515,2751286309.0,16497.0,1011214.0,
104,8,7,517,2173668497.0,52359.0,1011680.0,
105,8,5,526,2172994781.0,34142.0,1010326.0,
106,7,6,528,2172591533.0,18382.0,1010864.0,
107,7,3,539,2174753983.0,41992.0,1010868.0,
108,7,4,542,2171074372.0,15002.0,1009846.0,
109,7,5,545,2182869596.0,60180.0,1011389.0,
110,7,6,548,2174825231.0,16854.0,1010156.0,
111,8,7,552,3297406345.0,70934.0,1013894.0,
112,7,8,554,2174469673.0,16348.0,1010509.0,
113,6,8,558,2183308495.0,54941.0,1029474.0,
114,6,3,573,2168365229.0,16169.0,1010298.0,
115,5,4,575,2168737653.0,34112.0,1009849.0,
116,6,3,583,2166901359.0,42357.0,1010455.0,
117,5,4,585,2167168597.0,32474.0,1010195.0,
118,4,4,589,2164801561.0,45079.0,1010953.0,
119,9,2,603,2375172729.0,33872.0,1010465.0,
120,8,3,605,2373170524.0,15796.0,1010392.0,
121,7,3,609,2376601575.0,32531.0,1010106.0,
122,11,3,618,2374920359.0,16062.0,1010427.0,
123,10,4,620,2377369815.0,73430.0,1012084.0,
124,9,4,624,2385561807.0,16003.0,1010200.0,
125,9,4,629,2375758252.0,57388.0,1010718.0,
126,10,5,633,2174118808.0,18844.0,1010851.0,
127,9,6,635,2381292634.0,56911.0,1010443.0,
128,9,6,640,2173017309.0,16849.0,1010606.0,
129,8,7,642,2374073556.0,33791.0,1010709.0,
130,8,4,653,2375200513.0,41592.0,1010856.0,
131,8,5,656,2370688711.0,31817.0,1010190.0,
132,7,6,658,2376841729.0,42315.0,1011199.0,
133,6,4,666,2372112188.0,37673.0,1010946.0,
134,5,3,672,2384508301.0,44611.0,1011897.0,
135,6,3,678,2168695622.0,33522.0,1010448.0,
136,6,4,681,2168052530.0,17977.0,1010244.0,
137,5,5,683,2169021949.0,28535.0,1009765.0,
138,4,4,689,2165043324.0,16845.0,1009739.0,
139,8,3,700,2564901001.0,68974.0,1012392.0,
140,7,4,702,2563315590.0,17924.0,1010974.0,
141,8,4,708,2568803991.0,60939.0,1011917.0,
142,7,5,710,2560643206.0,15969.0,1010715.0,
143,6,5,714,2565681141.0,54497.0,1012238.0,
144,5,4,720,2889217706.0,18716.0,1058935.0,
145,4,4,724,2563546529.0,42591.0,1011197.0,
146,5,4,730,2370308304.0,32073.0,1010346.0,
147,4,5,732,2370434668.0,16852.0,1010912.0,
148,4,5,737,2712009636.0,32661.0,1012371.0,
149,3,6,739,2553741905.0,15896.0,1010719.0,
150,7,1,758,2179420479.0,26790.0,1010356.0,
151,8,2,762,2171385478.0,15824.0,1010176.0,
152,9,3,766,2171927953.0,59168.0,1010559.0,
153,9,4,769,2170298993.0,15683.0,1010302.0,
154,8,5,771,2169271605.0,52612.0,1010292.0,
155,9,4,779,2168042942.0,26259.0,1011731.0,
156,8,5,781,2167021616.0,39037.0,1010863.0,
157,8,5,786,2172952990.0,43120.0,1010623.0,
158,7,6,788,2171432120.0,31946.0,1009625.0,
159,7,3,799,2171696082.0,42584.0,1010851.0,
160,8,4,803,2169314808.0,35698.0,1010306.0,
161,8,5,806,2170683791.0,18331.0,1010889.0,
162,7,6,808,2172267585.0,50319.0,1011594.0,
163,10,5,818,2371399537.0,22252.0,1011682.0,
164,9,6,820,2174801681.0,60288.0,1011057.0,
165,9,6,825,2373676594.0,16601.0,1010427.0,
166,8,7,827,2174236266.0,57497.0,1011294.0,
167,9,6,835,2372302247.0,16838.0,1010933.0,
168,8,7,837,2168539638.0,30585.0,1009925.0,
169,8,7,842,2374090941.0,44467.0,1010543.0,
170,7,8,844,2170565181.0,33572.0,1010748.0,
171,6,6,852,2173840312.0,44534.0,1011096.0,
172,6,2,865,2379380077.0,39633.0,1011316.0,
173,6,3,868,2379877570.0,43593.0,1011646.0,
174,8,4,873,2377271126.0,32928.0,1010589.0,
175,8,5,876,2373482433.0,15909.0,1010359.0,
176,9,6,880,3330415917.0,28672.0,1011952.0,
177,8,7,882,2385612078.0,15821.0,1010807.0,
178,8,7,887,3303870461.0,33565.0,1012216.0,
179,7,8,889,2384949154.0,22994.0,1010910.0,
180,10,5,903,2927421710.0,32536.0,1010749.0,
181,9,6,905,2377915770.0,17398.0,1010553.0,
182,8,6,909,2378385481.0,32255.0,1010713.0,
183,9,6,915,2939850385.0,16391.0,1011505.0,
184,8,7,917,2377026716.0,32709.0,1010088.0,
185,7,7,921,2375559698.0,39345.0,1011772.0,
186,6,6,927,2384004335.0,59896.0,1012539.0,
187,7,5,935,2380444718.0,34328.0,1010451.0,
188,6,6,937,2382319997.0,59287.0,1012343.0,
189,7,6,943,2380457751.0,34482.0,1010928.0,
190,7,7,946,2381993299.0,37400.0,1010627.0,
191,7,8,949,3041877780.0,41679.0,1013089.0,
192,6,9,951,2383805128.0,35284.0,1011017.0,
193,5,7,959,2378868709.0,30721.0,1010682.0,
194,6,2,975,2373373245.0,16812.0,1010014.0,
195,6,3,978,2562875789.0,30823.0,1011046.0,
196,7,4,982,2559539228.0,16815.0,1011086.0,
197,6,5,984,2565658557.0,58379.0,1011717.0,
198,5,5,988,2562263549.0,17269.0,1010616.0,
199,9,3,1001,2168623631.0,60045.0,1011479.0,
200,8,4,1003,2163528879.0,16535.0,1010380.0,
201,10,4,1010,2168100445.0,59329.0,1011637.0,
202,10,5,1013,2369393994.0,17315.0,1010880.0,
203,9,6,1015,2159609451.0,32370.0,1009746.0,
204,8,5,1021,2161759251.0,33195.0,1009909.0,
205,7,5,1025,2165547400.0,32009.0,1009935.0,
206,6,4,1031,2168229796.0,46543.0,1011453.0,
207,6,4,1036,2162485677.0,32650.0,1010344.0,
208,8,5,1041,2162858593.0,17285.0,1010651.0,
209,8,6,1044,2163048246.0,31377.0,1010198.0,
210,8,7,1047,2371544215.0,16196.0,1010594.0,
211,7,8,1049,2164582586.0,60770.0,1010545.0,
212,8,6,1059,2162923044.0,15732.0,1009616.0,
213,8,7,1062,2370044258.0,53716.0,1011208.0,
214,7,8,1064,2163172324.0,17170.0,1010582.0,
215,7,7,1071,2163176357.0,31924.0,1010006.0,
216,6,8,1073,2164511797.0,27097.0,1009849.0,
217,7,6,1083,2165829679.0,34658.0,1010252.0,
218,8,7,1087,2373476266.0,43184.0,1011196.0,
219,7,8,1089,2162671837.0,33586.0,1010214.0,
220,7,8,1094,2376428979.0,40324.0,1011289.0,
221,6,9,1096,2162813249.0,32272.0,1010177.0,
222,8,7,1107,2376062686.0,16362.0,1010222.0,
223,7,8,1109,2169668673.0,33606.0,1011073.0,
224,6,8,1113,2164219029.0,18913.0,1010280.0,
225,5,8,1117,2165653460.0,58423.0,1010660.0,
226,4,4,1129,2165733422.0,16254.0,1010137.0,
227,6,2,1140,2178123599.0,41772.0,1009640.0,
228,5,3,1142,2176567441.0,21372.0,1010817.0,
229,8,3,1150,2165975489.0,37595.0,1010869.0,
230,7,4,1152,2167674025.0,42751.0,1010340.0,
231,6,4,1156,2167326285.0,36732.0,1010378.0,
232,5,4,1160,2168841640.0,48431.0,1011517.0,
233,5,4,1165,2172692520.0,33038.0,1009993.0,
234,5,5,1168,2166226296.0,21610.0,1010685.0,
235,4,6,1170,2170813406.0,44322.0,1011055.0,
236,5,3,1182,2377254919.0,16110.0,1010364.0,
237,4,4,1184,2377351900.0,57797.0,1011099.0,
238,7,4,1192,2364495524.0,16387.0,1010120.0,
239,7,5,1195,2371615122.0,56963.0,1010992.0,
240,7,6,1198,2366270312.0,17194.0,1010580.0,
241,7,7,1201,2367631659.0,34100.0,1010492.0,
242,7,8,1204,2161569639.0,15526.0,1009763.0,
243,6,9,1206,2368394932.0,31933.0,1010128.0,
244,9,5,1222,2371211207.0,52947.0,1012214.0,
245,8,6,1224,2363892936.0,38782.0,1011283.0,
246,7,6,1228,2375877181.0,62218.0,1012382.0,
247,6,6,1232,2369522739.0,33871.0,1010583.0,
248,6,6,1237,2368712396.0,49467.0,1011697.0,
249,5,7,1239,2366690485.0,39210.0,1012103.0,
250,7,5,1250,2367969804.0,28810.0,1011622.0,
251,7,6,1253,2367216710.0,39578.0,1010993.0,
252,7,7,1256,2372893044.0,20156.0,1011184.0,
253,6,8,1258,2367448708.0,62723.0,1010980.0,
254,5,6,1266,2366249639.0,22735.0,1011194.0,
255,5,6,1271,2370913391.0,66585.0,1011292.0,
256,4,7,1273,2367447776.0,18877.0,1010316.0,
257,4,5,1282,2368081722.0,54758.0,1010697.0,
258,3,6,1284,2367818882.0,17038.0,1010476.0,
259,6,2,1300,2171453199.0,33085.0,1010482.0,
260,5,3,1302,2178166326.0,42388.0,1010347.0,
261,5,3,1307,2165602905.0,31421.0,1009717.0,
262,7,4,1312,2170119928.0,44228.0,1010954.0,
263,7,5,1315,2169504732.0,33471.0,1010059.0,
264,6,6,1317,2163594149.0,16178.0,1010190.0,
265,5,5,1323,2166698211.0,40043.0,1010924.0,
266,4,5,1327,2165801777.0,16194.0,1010017.0,
267,5,3,1337,2911050961.0,61422.0,1011864.0,
268,4,4,1339,2554543871.0,15925.0,1013921.0,
269,4,4,1344,2167546969.0,57454.0,1010552.0,
270,4,5,1347,2161523741.0,16200.0,1009901.0,
271,4,6,1350,2164810252.0,42501.0,1010510.0,
272,4,7,1353,2161645785.0,24820.0,1011248.0,
273,6,8,1358,2165146211.0,38578.0,1010988.0,
274,6,9,1361,2167395115.0,41921.0,1011038.0,
275,5,10,1363,2165599920.0,32155.0,1009911.0,
276,6,9,1371,2166377106.0,41495.0,1010521.0,
277,5,10,1373,2164057174.0,31315.0,1010358.0,
278,5,10,1378,2162593104.0,19713.0,1010491.0,
279,4,11,1380,2173786560.0,70171.0,1011251.0,
280,3,9,1388,2163739199.0,21160.0,1010401.0,
281,5,3,1407,2176868006.0,63520.0,1010431.0,
282,8,4,1413,2172775837.0,22166.0,1011006.0,
283,8,5,1416,2173305005.0,33877.0,1010200.0,
284,9,6,1420,2379829167.0,29830.0,1011178.0,
285,8,7,1422,2174639050.0,33555.0,1010146.0,
286,8,7,1427,2377102086.0,42652.0,1010800.0,
287,7,8,1429,2172442886.0,33039.0,1009971.0,
288,7,5,1440,2176421580.0,44240.0,1010907.0,
289,6,6,1442,2171644121.0,43096.0,1011465.0,
290,5,5,1448,2175388909.0,15790.0,1009705.0,
291,4,5,1452,2176180878.0,42022.0,1010640.0,
292,4,4,1459,2161550489.0,16407.0,1010094.0,
293,3,5,1461,2172369773.0,61764.0,1011248.0,
294,4,4,1469,2172280837.0,17983.0,1010905.0,
295,4,5,1472,2173593942.0,34035.0,1010072.0,
296,3,6,1474,2173258313.0,17304.0,1010280.0,
297,9,5,1487,2547195321.0,33732.0,1010702.0,
298,8,6,1489,2546387976.0,44233.0,1011455.0,
299,7,6,1493,2543779022.0,32134.0,1010291.0,
300,6,6,1497,2548369219.0,45460.0,1012213.0,
301,5,6,1501,2545768464.0,31797.0,1010442.0,
302,8,6,1509,2547842829.0,44383.0,1011534.0,
303,8,7,1512,2357408253.0,37361.0,1010370.0,
304,7,8,1514,2547197136.0,44693.0,1012000.0,
305,7,7,1521,2547198768.0,34475.0,1011189.0,
306,7,8,1524,2368186167.0,29102.0,1011359.0,
307,6,9,1526,2545869030.0,33074.0,1010847.0,
308,6,7,1535,2544954641.0,17483.0,1010489.0,
309,5,8,1537,2546907520.0,30584.0,1010424.0,
310,5,7,1544,2542770122.0,18239.0,1010699.0,
311,7,8,1549,2367611851.0,61003.0,1011514.0,
312,6,9,1551,2546746861.0,22439.0,1011048.0,
313,5,9,1555,2548550452.0,62575.0,1011355.0,
314,4,9,1559,2545440660.0,17629.0,1011434.0,
315,5,6,1571,2560508063.0,60727.0,1011950.0,
316,4,7,1573,2549039255.0,16993.0,1010681.0,
317,5,7,1579,2552142440.0,61469.0,1011761.0,
318,4,8,1581,2550097405.0,17391.0,1010914.0,
319,4,8,1586,2553076888.0,57982.0,1011090.0,
320,3,9,1588,2548311519.0,27026.0,1012552.0,
321,3,6,1599,2359890559.0,49854.0,1011016.0,
322,6,7,1605,2360023800.0,16516.0,1036041.0,
323,5,8,1607,2356870277.0,32219.0,1011923.0,
324,5,8,1612,2363420261.0,38701.0,1010051.0,
325,6,9,1616,2364013182.0,40106.0,1011024.0,
326,5,10,1618,2365018035.0,56411.0,1012831.0,
327,5,10,1623,2363392127.0,34464.0,1010535.0,
328,4,11,1625,2361088350.0,65692.0,1013245.0,
329,5,8,1637,2367567293.0,50189.0,1012345.0,
330,4,9,1639,2359456241.0,25446.0,1012983.0,
331,6,9,1646,2362886985.0,33029.0,1010506.0,
332,5,10,1648,2359493735.0,15976.0,1010593.0,
333,4,10,1652,2361825617.0,59764.0,1011810.0,
334,3,10,1656,2358693688.0,24541.0,1011728.0,
335,2,8,1664,2369959198.0,63424.0,1012797.0,
336,9,1,1690,2380566900.0,16264.0,1010484.0,
337,8,2,1692,2381678644.0,56996.0,1010561.0,
338,7,2,1696,2378206251.0,15489.0,1010476.0,
339,6,2,1700,2383847319.0,38477.0,1010306.0,
340,12,2,1711,2165084854.0,21339.0,1010617.0,
341,11,3,1713,2163337934.0,31480.0,1009989.0,
342,10,3,1717,2166874982.0,45356.0,1010944.0,
343,11,3,1723,2160524229.0,33123.0,1009944.0,
344,11,4,1726,2563391554.0,43851.0,1011375.0,
345,10,5,1728,2163988876.0,33839.0,1010412.0,
346,9,4,1734,2167226164.0,24700.0,1010158.0,
347,9,3,1741,2170323091.0,39395.0,1010974.0,
348,8,4,1743,2164813445.0,22816.0,1010865.0,
349,7,3,1749,2167129626.0,59277.0,1010129.0,
350,6,3,1753,2187099237.0,15587.0,1010075.0,
351,7,3,1759,2173067704.0,36084.0,1009662.0,
352,6,4,1761,2163038363.0,16108.0,1010264.0,
353,5,4,1765,2169153736.0,31881.0,1010148.0,
354,10,2,1779,2571534484.0,61742.0,1012940.0,
355,9,3,1781,2565225125.0,34437.0,1010407.0,
356,11,3,1788,2563736384.0,43047.0,1011225.0,
357,10,4,1790,2566496460.0,32307.0,1010442.0,
358,11,4,1796,2172536235.0,42766.0,1010712.0,
359,10,5,1798,2563038432.0,32480.0,1010935.0,
360,10,5,1803,2172063258.0,26289.0,1010688.0,
361,9,6,1805,2563062987.0,33098.0,1010564.0,
362,8,4,1813,2566674460.0,15254.0,1010540.0,
363,7,3,1819,2565464866.0,28805.0,1010523.0,
364,10,3,1827,2569801401.0,20260.0,1010278.0,
365,10,4,1830,2570840642.0,39724.0,1011394.0,
366,10,5,1833,2166751449.0,19335.0,1010299.0,
367,9,6,1835,2572220449.0,61451.0,1010758.0,
368,8,4,1843,2568047843.0,21919.0,1011716.0,
369,7,4,1847,2571155536.0,68896.0,1011411.0,
370,7,4,1852,2568073115.0,22262.0,1011230.0,
371,6,5,1854,2572285696.0,57948.0,1011025.0,
372,7,3,1864,2379953224.0,16497.0,1010522.0,
373,6,4,1866,2382026510.0,41023.0,1009861.0,
374,5,4,1870,2381954746.0,21234.0,1010978.0,
375,5,3,1877,2162154594.0,32169.0,1009941.0,
376,4,4,1879,2171390914.0,43057.0,1010603.0,
377,7,2,1891,2379371094.0,49837.0,1011943.0,
378,6,3,1893,2395488752.0,54804.0,1012960.0,
379,5,3,1897,2744712299.0,39449.0,1011598.0,
380,5,3,1902,2568745640.0,51337.0,1012037.0,
381,4,4,1904,2569248044.0,36647.0,1010956.0,
382,6,3,1913,2381845549.0,48243.0,1011096.0,
383,7,4,1917,2378623746.0,41165.0,1011418.0,
384,6,5,1919,2378500766.0,23691.0,1011489.0,
385,5,5,1923,2379815008.0,25978.0,1010445.0,
386,4,4,1929,2572989792.0,20842.0,1010831.0,
387,5,4,1935,2166190356.0,65961.0,1011228.0,
388,4,5,1937,2165284675.0,15645.0,1010060.0,
389,4,5,1942,2169831410.0,60961.0,1011547.0,
390,4,6,1945,2163483995.0,15952.0,1009838.0,
391,4,7,1948,2164472692.0,33508.0,1010122.0,
392,5,8,1952,2167250502.0,48455.0,1012337.0,
393,4,9,1954,2164609191.0,41004.0,1011092.0,
394,4,9,1959,2169753763.0,58372.0,1021657.0,
395,3,10,1961,2166571692.0,31644.0,1010421.0,
396,6,2,1985,2377691051.0,33662.0,1011793.0,
397,5,3,1987,2375106024.0,31253.0,1010016.0,
398,5,3,1992,2369692857.0,17576.0,1010622.0,
399,9,4,1999,2372805950.0,52787.0,1015339.0,
400,8,5,2001,2373069935.0,21169.0,1011546.0,
401,8,5,2006,2380025545.0,61994.0,1011312.0,
402,9,6,2010,2160306881.0,17353.0,1010099.0,
403,8,7,2012,2377121349.0,57818.0,1012196.0,
404,8,7,2017,2160973811.0,16825.0,1009459.0,
405,7,8,2019,2369306472.0,32444.0,1009701.0,
406,6,5,2029,2374881964.0,33679.0,1012910.0,
407,6,5,2034,2370850437.0,40075.0,1012415.0,
408,8,6,2039,2371398597.0,53630.0,1013231.0,
409,7,7,2041,2373888632.0,31840.0,1010741.0,
410,6,7,2045,2373305067.0,55163.0,1015357.0,
411,5,7,2049,2371020999.0,28362.0,1010705.0,
412,4,5,2057,2371540949.0,45936.0,1010948.0,
413,6,3,2068,2169926246.0,33236.0,1010107.0,
414,7,4,2072,2172944653.0,16707.0,1010411.0,
415,6,5,2074,2175180295.0,56062.0,1010887.0,
416,7,5,2080,2170466987.0,15870.0,1009696.0,
417,7,6,2083,2175472034.0,75259.0,1011375.0,
418,8,7,2087,2560400564.0,16126.0,1011128.0,
419,7,8,2089,2173468091.0,38846.0,1010342.0,
420,7,8,2094,2558031533.0,16304.0,1010651.0,
421,6,9,2096,2172849638.0,31524.0,1009805.0,
422,5,6,2106,2177595098.0,44387.0,1011593.0,
423,5,4,2115,2171129785.0,34182.0,1011105.0,
424,5,5,2118,2174107680.0,52329.0,1011876.0,
425,4,6,2120,2170838330.0,34097.0,1010110.0,
426,5,4,2130,2901945589.0,51212.0,1012246.0,
427,6,5,2134,2930800315.0,23130.0,1190668.0,
428,5,6,2136,3010552892.0,54006.0,1012547.0,
429,4,6,2140,2726434188.0,21695.0,1011101.0,
430,4,5,2147,2730294337.0,57580.0,1012724.0,
431,3,6,2149,2567089483.0,23860.0,1012047.0,
432,5,3,2162,2171010406.0,33301.0,1010360.0,
433,6,4,2166,2169069529.0,31357.0,1010354.0,
434,6,5,2169,2168943899.0,27572.0,1009659.0,
435,6,6,2172,2174552109.0,45129.0,1010901.0,
436,5,7,2174,2171033703.0,33082.0,1010417.0,
437,5,5,2183,2170489229.0,32172.0,1010179.0,
438,4,6,2185,2170008064.0,29667.0,1010094.0,
439,6,4,2196,2165240452.0,20870.0,1010360.0,
440,6,5,2199,2174739406.0,61922.0,1011490.0,
441,5,6,2201,2166346898.0,17711.0,1010166.0,
442,4,5,2207,2167596539.0,61381.0,1010757.0,
443,4,5,2212,2171533334.0,21797.0,1010883.0,
444,3,6,2214,2167084542.0,31465.0,1010319.0,
445,6,4,2226,2376707305.0,39430.0,1010815.0,
446,6,5,2229,2376158613.0,33236.0,1009493.0,
447,5,6,2231,2384944774.0,44322.0,1011366.0,
448,4,5,2237,2377458909.0,39423.0,1010939.0,
449,3,5,2241,2729181282.0,44027.0,1011837.0,
450,5,5,2248,2165909463.0,15040.0,1009285.0,
451,4,6,2250,2166938038.0,44425.0,1010113.0,
452,3,6,2254,2167269654.0,21525.0,1026119.0,
453,3,6,2259,2165173003.0,34224.0,1012928.0,
454,4,7,2263,2171360733.0,57440.0,1013095.0,
455,3,8,2265,2162424807.0,31143.0,1010024.0,
456,5,8,2272,2167486908.0,41956.0,1011308.0,
457,4,9,2274,2164718228.0,34377.0,1011358.0,
458,5,9,2280,2162321390.0,16365.0,1010168.0,
459,5,10,2283,2360713477.0,54554.0,1010329.0,
460,4,11,2285,2167736926.0,16043.0,1009898.0,
461,5,10,2293,2362505184.0,58994.0,1010360.0,
462,4,11,2295,2164824411.0,15878.0,1010777.0,
463,3,11,2299,2166087548.0,44716.0,1010454.0,
464,2,9,2307,2165281159.0,26935.0,1012588.0,
465,7,2,2331,2380028678.0,38117.0,1011857.0,
466,6,3,2333,2382011745.0,60356.0,1012460.0,
467,6,3,2338,2922213644.0,31243.0,1011154.0,
468,5,4,2340,2571245089.0,43417.0,1010915.0,
469,5,3,2347,2570029006.0,32505.0,1010620.0,
470,4,4,2349,3294482607.0,46261.0,1013125.0,
471,6,3,2358,2168764487.0,22381.0,1012414.0,
472,8,4,2363,2170077091.0,60848.0,1010995.0,
473,10,5,2368,2171512517.0,17440.0,1010301.0,
474,9,6,2370,2171195434.0,55160.0,1010390.0,
475,8,6,2374,2169386657.0,16160.0,1010073.0,
476,9,6,2380,2168828251.0,33459.0,1009844.0,
477,8,7,2382,2170254677.0,43498.0,1010981.0,
478,7,7,2386,2169254122.0,31148.0,1009895.0,
479,10,5,2398,2168010445.0,42689.0,1010604.0,
480,9,6,2400,2168631309.0,25068.0,1010023.0,
481,9,6,2405,2169983907.0,15004.0,1009826.0,
482,8,7,2407,2168946546.0,31250.0,1010185.0,
483,7,6,2413,2168243869.0,16489.0,1010382.0,
484,6,6,2417,2181483272.0,75505.0,1011757.0,
485,8,5,2426,2173717638.0,21641.0,1011205.0,
486,9,6,2430,2168422424.0,43061.0,1010628.0,
487,8,7,2432,2170835008.0,23164.0,1011215.0,
488,8,7,2437,2169398892.0,39976.0,1011434.0,
489,7,8,2439,2170834202.0,53989.0,1011110.0,
490,6,6,2447,2168746763.0,36588.0,1010862.0,
491,9,6,2455,2168404722.0,47288.0,1011058.0,
492,8,7,2457,2169526537.0,35163.0,1009923.0,
493,7,7,2461,2167711160.0,20087.0,1010891.0,
494,8,7,2467,2174682408.0,40717.0,1010870.0,
495,7,8,2469,2168894067.0,24569.0,1011091.0,
496,7,8,2474,2168904103.0,58659.0,1010540.0,
497,6,9,2476,2169332802.0,17591.0,1009984.0,
498,6,7,2485,2169337321.0,31661.0,1010216.0,
499,6,8,2488,2169728197.0,17251.0,1009600.0,
500,5,9,2490,2164945880.0,39507.0,1013853.0,
501,5,4,2505,2174667847.0,54362.0,1011891.0,
502,7,5,2510,2170414766.0,39256.0,1011349.0,
503,7,6,2513,2170034397.0,42938.0,1010803.0,
504,6,7,2515,2169028638.0,33393.0,1010100.0,
505,5,6,2521,2163573015.0,15985.0,1009163.0,
506,4,6,2525,2173404177.0,62183.0,1011501.0,
507,4,4,2534,2175512288.0,23304.0,1010202.0,
508,4,5,2537,2170291743.0,59715.0,1021314.0,
509,3,6,2539,2167249350.0,16692.0,1010504.0,
510,8,3,2555,3015682163.0,61330.0,1012185.0,
511,7,4,2557,3015625567.0,19379.0,1012323.0,
512,6,4,2561,2760210612.0,41549.0,1011683.0,
513,5,4,2565,2897305625.0,17504.0,1010440.0,
514,5,4,2570,2603543091.0,40868.0,1011011.0,
515,4,5,2572,2595628551.0,33058.0,1009780.0,
516,8,4,2583,2368336536.0,15688.0,1010535.0,
517,7,5,2585,2368765140.0,32385.0,1009773.0,
518,8,5,2591,2370509283.0,15258.0,1010172.0,
519,7,6,2593,2376104191.0,73867.0,1012082.0,
520,6,6,2597,2368342115.0,18229.0,1010763.0,
521,8,5,2606,2378925169.0,62205.0,1012448.0,
522,7,6,2608,2367943967.0,18702.0,1010655.0,
523,6,6,2612,2373799248.0,74543.0,1012863.0,
524,5,6,2616,2368041916.0,15560.0,1010651.0,
525,5,5,2623,2371961206.0,30996.0,1010465.0,
526,5,6,2626,2372854061.0,22364.0,1009974.0,
527,4,7,2628,2372143522.0,40330.0,1011842.0,
528,5,5,2638,2903787905.0,46196.0,1012619.0,
529,8,6,2644,2734648517.0,16542.0,1011356.0,
530,7,7,2646,2737793124.0,45354.0,1012794.0,
531,8,7,2652,2165131333.0,16045.0,1010494.0,
532,7,8,2654,2737299132.0,61580.0,1011065.0,
533,7,8,2659,2164000445.0,22576.0,1011497.0,
534,6,9,2661,2738231815.0,67767.0,1012715.0,
535,5,7,2669,2730068709.0,26847.0,1012928.0,
536,4,7,2673,2731530353.0,52594.0,1012838.0,
537,4,6,2680,2736095201.0,25725.0,1011982.0,
538,4,7,2683,2737541579.0,44712.0,1012071.0,
539,4,8,2686,2732510692.0,23835.0,1012768.0,
540,5,9,2690,2737274431.0,51858.0,1012126.0,
541,4,10,2692,2732673424.0,23272.0,1011761.0,
542,5,10,2698,2163686137.0,15533.0,1010116.0,
543,4,11,2700,2733089531.0,24346.0,1010878.0,
544,4,11,2705,2164413948.0,17128.0,1009870.0,
545,3,12,2707,2735489283.0,81237.0,1012307.0,
546,4,4,2729,2171618066.0,15796.0,1010222.0,
547,5,5,2733,2169295711.0,70818.0,1011263.0,
548,5,6,2736,2166894860.0,16178.0,1009954.0,
549,8,7,2742,2170980334.0,60754.0,1011263.0,
550,7,8,2744,2166618073.0,15450.0,1010324.0,
551,6,8,2748,2164694501.0,39859.0,1011366.0,
552,5,8,2752,2170766122.0,51408.0,1011431.0,
553,5,8,2757,2166992185.0,36328.0,1010471.0,
554,4,9,2759,2173066582.0,43023.0,1010752.0,
555,3,6,2769,2169027128.0,40843.0,1011339.0,
556,3,5,2776,2559404138.0,16953.0,1016296.0,
557,2,6,2778,2910526974.0,37521.0,1011347.0,
558,5,3,2792,2172024638.0,15315.0,1010241.0,
559,6,4,2796,2172399699.0,43290.0,1010965.0,
560,5,5,2798,2172639018.0,16453.0,1010392.0,
561,4,5,2802,2173539410.0,58851.0,1010500.0,
562,7,4,2812,2167150003.0,15847.0,1020433.0,
563,7,5,2815,2169605013.0,27844.0,1010000.0,
564,6,6,2817,2180566447.0,16209.0,1010104.0,
565,5,5,2823,2170851686.0,31093.0,1009425.0,
566,6,5,2829,2175779789.0,62361.0,1012529.0,
567,7,6,2833,2169917911.0,36911.0,1010128.0,
568,6,7,2835,2172720547.0,36667.0,1010694.0,
569,5,7,2839,2169937991.0,32614.0,1010249.0,
570,4,6,2845,2169565319.0,15454.0,1009745.0,
571,5,5,2853,2172430122.0,59024.0,1010717.0,
572,4,6,2855,2168865162.0,16566.0,1009505.0,
573,3,6,2859,2171691448.0,62642.0,1010496.0,
574,4,4,2869,2742930836.0,17052.0,1011025.0,
575,4,5,2872,2374554303.0,38574.0,1009968.0,
576,3,6,2874,2370498561.0,33491.0,1009956.0,
577,4,5,2882,2170688176.0,16499.0,1009837.0,
578,7,6,2888,2173635600.0,42462.0,1010853.0,
579,8,7,2892,2163484307.0,15199.0,1009662.0,
580,7,8,2894,2169014550.0,57384.0,1010171.0,
581,6,8,2898,2168851383.0,15287.0,1009736.0,
582,6,7,2905,2165844204.0,32177.0,1010124.0,
583,5,8,2907,2168097899.0,17354.0,1010370.0,
584,4,7,2913,2169281776.0,32190.0,1010133.0,
585,3,7,2917,2171963245.0,42537.0,1010355.0,
586,2,6,2923,2167752812.0,32472.0,1010005.0,
587,6,4,2936,2175158030.0,42961.0,1010227.0,
588,6,5,2939,2173828887.0,40009.0,1010898.0,
589,5,6,2941,2172785171.0,15889.0,1010481.0,
590,4,5,2947,2180105595.0,39675.0,1011183.0,
591,5,5,2953,2173916784.0,18684.0,1010854.0,
592,5,6,2956,2176660775.0,56087.0,1009852.0,
593,4,7,2958,2172142685.0,15564.0,1010045.0,
594,4,6,2965,2173716856.0,34090.0,1010122.0,
595,3,7,2967,2173378319.0,25347.0,1009486.0,
596,3,5,2976,2170555133.0,32213.0,1010142.0,
597,2,6,2978,2175025027.0,47996.0,1011496.0,
598,4,5,2987,2175659910.0,38749.0,1010876.0,
599,4,6,2990,2184694522.0,33823.0,1010466.0,
600,7,7,2996,2173588336.0,33004.0,1010683.0,
601,6,8,2998,2174394991.0,22147.0,1010905.0,
602,6,8,3003,2176841005.0,72240.0,1017637.0,
603,5,9,3005,2171757396.0,16351.0,1010092.0,
604,4,8,3011,2175379339.0,59827.0,1010511.0,
605,3,8,3015,2182139750.0,15650.0,1009508.0,
606,2,6,3023,2177825111.0,32828.0,1009232.0,
607,2,6,3028,2555527916.0,30436.0,1016477.0,
608,1,7,3030,2705257353.0,33327.0,1010783.0,
609,9,1,3055,2171845135.0,46761.0,1011006.0,
610,8,2,3057,2168722016.0,34350.0,1010620.0,
611,8,2,3062,2173717915.0,62592.0,1012322.0,
612,8,3,3065,2166911750.0,33005.0,1010412.0,
613,7,4,3067,2168616624.0,15634.0,1010247.0,
614,6,2,3075,2183269174.0,41871.0,1011508.0,
615,7,2,3081,2378107039.0,21532.0,1010772.0,
616,6,3,3083,2382012978.0,59225.0,1011494.0,
617,8,3,3090,2382886831.0,24758.0,1062651.0,
618,8,4,3093,2385241102.0,58536.0,1035200.0,
619,10,5,3098,2166532754.0,15049.0,1010432.0,
620,9,6,3100,2381322602.0,66896.0,1013620.0,
621,9,6,3105,2167334843.0,16206.0,1010049.0,
622,8,7,3107,2381405590.0,37661.0,1010978.0,
623,9,6,3115,2167643883.0,41612.0,1009877.0,
624,8,7,3117,2380679402.0,32141.0,1010041.0,
625,8,7,3122,2172029549.0,43084.0,1010485.0,
626,7,8,3124,2384226482.0,32264.0,1010390.0,
627,9,4,3139,2381363110.0,42372.0,1058547.0,
628,10,5,3143,2167277258.0,38918.0,1010905.0,
629,9,6,3145,2379252122.0,21495.0,1011536.0,
630,8,6,3149,2381121632.0,38228.0,1010654.0,
631,9,5,3157,2382073678.0,16850.0,1011184.0,
632,9,6,3160,2169956120.0,73735.0,1011826.0,
633,8,7,3162,2384502296.0,21590.0,1011126.0,
634,9,6,3170,2173859857.0,65999.0,1011936.0,
635,8,7,3172,2379245159.0,31786.0,1016316.0,
636,7,7,3176,2379715941.0,33960.0,1010414.0,
637,7,5,3185,2384946966.0,33329.0,1012028.0,
638,6,6,3187,2379052568.0,33642.0,1020995.0,
639,5,4,3195,2385888565.0,55177.0,1018927.0,
640,6,2,3205,2168274231.0,38704.0,1010247.0,
641,5,3,3207,2174269459.0,54741.0,1012370.0,
642,6,3,3213,2562312167.0,32247.0,1011134.0,
643,6,4,3216,2569806088.0,53601.0,1012259.0,
644,5,5,3218,2569265852.0,31469.0,1011071.0,
645,4,4,3224,2384723446.0,17528.0,1010591.0,
646,6,2,3235,2567407037.0,36512.0,1011369.0,
647,5,3,3237,2566375508.0,17293.0,1010822.0,
648,5,3,3242,2165301121.0,40156.0,1010311.0,
649,4,4,3244,2162736261.0,15426.0,1009719.0,
650,6,3,3253,2175361486.0,57380.0,1010473.0,
651,5,4,3255,2170810778.0,16123.0,1009696.0,
652,4,4,3259,2169720357.0,34579.0,1009891.0,
653,6,4,3266,2164561094.0,16377.0,1010675.0,
654,8,5,3271,2169610305.0,38558.0,1010048.0,
655,7,6,3273,2173161989.0,43526.0,1010636.0,
656,7,6,3278,2168236664.0,34259.0,1010361.0,
657,6,7,3280,2168904599.0,38262.0,1010192.0,
658,6,6,3287,2167370620.0,32368.0,1010087.0,
659,5,7,3289,2172655788.0,19367.0,1010684.0,
660,5,5,3298,2168253423.0,60823.0,1010540.0,
661,4,6,3300,2171127405.0,16617.0,1010149.0,
662,4,5,3307,2167345151.0,58376.0,1010446.0,
663,6,6,3312,2168536897.0,17020.0,1010479.0,
664,7,7,3316,2165601634.0,32277.0,1009829.0,
665,7,8,3319,2161702459.0,29506.0,1010454.0,
666,6,9,3321,2168747021.0,32572.0,1009680.0,
667,6,8,3328,2167442216.0,58280.0,1011857.0,
668,6,9,3331,2157732276.0,40897.0,1011104.0,
669,5,10,3333,2161209842.0,34756.0,1011066.0,
670,4,7,3343,2165685149.0,38270.0,1011180.0,
671,3,7,3347,2165059725.0,16683.0,1009890.0,
672,6,2,3365,2174614778.0,61723.0,1011296.0,
673,6,3,3368,2170223180.0,22035.0,1011409.0,
674,5,4,3370,2174781733.0,61382.0,1011432.0,
675,6,3,3378,2166513510.0,15860.0,1010058.0,
676,6,4,3381,2165965471.0,31565.0,1010121.0,
677,5,5,3383,2173321510.0,45027.0,1010113.0,
678,4,4,3389,2166931374.0,39726.0,1010981.0,
679,5,3,3397,2382622773.0,45217.0,1011067.0,
680,4,4,3399,2875421601.0,32739.0,1011226.0,
681,5,4,3405,2561002411.0,44204.0,1027472.0,
682,4,5,3407,2555444350.0,32619.0,1010126.0,
683,4,5,3412,2556210083.0,43333.0,1011688.0,
684,3,6,3414,2556648114.0,38496.0,1011804.0,
685,5,3,3427,2170465635.0,20733.0,1010523.0,
686,4,4,3429,2175489295.0,32265.0,1066542.0,
687,8,4,3438,2373723797.0,21040.0,1011186.0,
688,7,5,3440,2376368047.0,60053.0,1011072.0,
689,6,5,3444,2375283811.0,18555.0,1010081.0,
690,10,5,3453,2167564082.0,58322.0,1010998.0,
691,9,6,3455,2369916100.0,24144.0,1011902.0,
692,9,6,3460,2166406673.0,44455.0,1010046.0,
693,8,7,3462,2372876272.0,20629.0,1010567.0,
694,7,6,3468,2374497492.0,33564.0,1010881.0,
695,7,6,3473,2378178285.0,44705.0,1011493.0,
696,7,7,3476,2369470591.0,31905.0,1010097.0,
697,6,8,3478,2381826753.0,41672.0,1010777.0,
698,6,6,3487,2372300358.0,31328.0,1010550.0,
699,5,7,3489,2377219409.0,51913.0,1011615.0,
700,5,5,3498,2372757051.0,31701.0,1010503.0,
701,4,6,3500,2372503518.0,16043.0,1010333.0,
702,3,5,3506,2551253084.0,32390.0,1015521.0,
703,4,4,3514,2889093880.0,17308.0,1011255.0,
704,3,5,3516,2555718116.0,17728.0,1013344.0,
705,3,5,3521,2369039798.0,31194.0,1010085.0,
706,4,6,3525,2883108110.0,39698.0,1012450.0,
707,3,7,3527,3023391781.0,16878.0,1011174.0,
708,2,7,3531,2560954167.0,34742.0,1010549.0,
709,7,2,3551,2167484170.0,32601.0,1010148.0,
710,6,3,3553,2173179082.0,44755.0,1011393.0,
711,5,3,3557,2163773196.0,31629.0,1010153.0,
712,7,3,3564,2570382993.0,44576.0,1011667.0,
713,6,4,3566,2570996077.0,31003.0,1010296.0,
714,5,4,3570,3128577422.0,45771.0,1014377.0,
715,4,4,3574,2560494968.0,16381.0,1010558.0,
716,6,3,3583,3192933203.0,60913.0,1012378.0,
717,7,4,3587,2768691364.0,23511.0,1082040.0,
718,6,5,3589,2772004756.0,46423.0,1076707.0,
719,8,5,3596,2756976818.0,16488.0,1010899.0,
720,7,6,3598,2757703734.0,42900.0,1011708.0,
721,8,6,3604,2748301870.0,15595.0,1010538.0,
722,7,7,3606,2756462401.0,42150.0,1011689.0,
723,7,7,3611,2752763110.0,18515.0,1011516.0,
724,7,8,3614,2166779722.0,28052.0,1010075.0,
725,6,9,3616,2750835451.0,34449.0,1010303.0,
726,5,6,3626,2750417558.0,34339.0,1012335.0,
727,8,4,3638,3282301098.0,18162.0,1012497.0,
728,10,5,3643,2162651941.0,21576.0,1010702.0,
729,9,6,3645,3320022371.0,34019.0,1011676.0,
730,8,6,3649,3288951176.0,60885.0,1016219.0,
731,7,6,3653,3266673376.0,23366.0,1024994.0,
732,6,5,3659,2908239281.0,54419.0,1013468.0,
733,5,5,3663,2747004443.0,22227.0,1029339.0,
734,5,5,3668,2561575258.0,58389.0,1012995.0,
735,4,6,3670,2562658465.0,35972.0,1010204.0,
736,5,4,3680,2571754376.0,46100.0,1011772.0,
737,6,5,3684,2742051319.0,34647.0,1010865.0,
738,7,6,3688,2743950693.0,46095.0,1026235.0,
739,7,7,3691,2742551373.0,16832.0,1010919.0,
740,7,8,3694,2754729349.0,43867.0,1011986.0,
741,6,9,3696,2746187040.0,23593.0,1013328.0,
742,8,7,3707,2759014472.0,42509.0,1012193.0,
743,7,8,3709,2738255907.0,16959.0,1010820.0,
744,6,8,3713,2741292766.0,38868.0,1012801.0,
745,5,8,3717,2745749603.0,23947.0,1013895.0,
746,4,6,3725,2733802868.0,32273.0,1022897.0,
747,3,5,3731,2374410495.0,26406.0,1011233.0,
748,6,3,3743,2568407045.0,32588.0,1010747.0,
749,5,4,3745,2757218148.0,40333.0,1012306.0,
750,5,4,3750,2375496861.0,16288.0,1010653.0,
751,4,5,3752,2379575120.0,55514.0,1010898.0,
752,4,4,3759,2166060196.0,15611.0,1010325.0,
753,6,5,3764,2171771667.0,61598.0,1010270.0,
754,6,6,3767,2165234303.0,17153.0,1010578.0,
755,5,7,3769,2164768731.0,32587.0,1009969.0,
756,6,6,3777,2166399521.0,23626.0,1012295.0,
757,6,7,3780,2169747140.0,39735.0,1011455.0,
758,5,8,3782,2173924935.0,50379.0,1011419.0,
759,4,7,3788,2162692705.0,36169.0,1010870.0,
760,6,6,3797,2166549238.0,38979.0,1010191.0,
761,5,7,3799,2168377993.0,33564.0,1060445.0,
762,4,7,3803,2167281487.0,16816.0,1010173.0,
763,3,7,3807,2170544124.0,59464.0,1013948.0,
764,4,4,3819,2564360254.0,23755.0,1011863.0,
765,3,5,3821,2555904816.0,58849.0,1010913.0,
766,4,5,3827,2166000342.0,16671.0,1042035.0,
767,8,6,3834,2170704973.0,61650.0,1069007.0,
768,8,7,3837,2365409199.0,20328.0,1010938.0,
769,7,8,3839,2169169799.0,34176.0,1009968.0,
770,6,7,3845,2164580342.0,46050.0,1011269.0,
771,5,7,3849,2163654214.0,33407.0,1087293.0,
772,4,7,3853,2163112277.0,51272.0,1015079.0,
773,6,7,3860,2162875012.0,31443.0,1010198.0,
774,6,8,3863,2165390678.0,21177.0,1011193.0,
775,6,9,3866,2367924156.0,39906.0,1011501.0,
776,5,10,3868,2164965573.0,16241.0,1029463.0,
777,4,8,3876,2165742743.0,57994.0,1009921.0,
778,3,8,3880,2169376358.0,16918.0,1101343.0,
779,2,6,3888,2167261155.0,66939.0,1011644.0,
780,6,3,3903,2174147996.0,22550.0,1097750.0,
781,7,4,3907,2173569044.0,33437.0,1036861.0,
782,7,5,3910,2171524934.0,28664.0,1075730.0,
783,6,6,3912,2168860095.0,32436.0,1009792.0,
784,5,5,3918,2174209136.0,42512.0,1010287.0,
785,8,4,3928,2172121221.0,31560.0,1071438.0,
786,7,5,3930,2172192503.0,17182.0,1009850.0,
787,6,5,3934,2166677034.0,32235.0,1013901.0,
788,5,5,3938,2170243422.0,20727.0,1063779.0,
789,5,5,3943,2170960099.0,62412.0,1020954.0,
790,6,6,3947,2166453029.0,22104.0,1054411.0,
791,5,7,3949,2172943284.0,57766.0,1014688.0,
792,8,7,3957,2166784408.0,22896.0,1011375.0,
793,7,8,3959,2163262813.0,37009.0,1010396.0,
794,6,8,3963,2168618808.0,42024.0,1009708.0,
795,5,8,3967,2167757460.0,38812.0,1073499.0,
796,6,8,3973,2172563054.0,54444.0,1053303.0,
797,6,9,3976,2167935605.0,35276.0,1010947.0,
798,5,10,3978,2169760317.0,15722.0,1027397.0,
799,5,9,3985,2168242623.0,24495.0,1046193.0,
800,5,10,3988,2165837884.0,20322.0,1010695.0,
801,4,11,3990,2170160147.0,63527.0,1062640.0,
802,4,4,4009,2564303487.0,15703.0,1010454.0,
803,3,5,4011,2561838854.0,64781.0,1017748.0,
804,10,4,4025,2381702161.0,17865.0,1010545.0,
805,10,5,4028,2567348222.0,57530.0,1011724.0,
806,9,6,4030,2378652336.0,23325.0,1011418.0,
807,8,5,4036,2379656903.0,41067.0,1011709.0,
808,10,5,4043,2567439628.0,39540.0,1031250.0,
809,9,6,4045,2379727777.0,32524.0,1010070.0,
810,8,6,4049,2381392961.0,43697.0,1011410.0,
811,7,6,4053,2379200011.0,40808.0,1011270.0,
812,6,5,4059,2384730416.0,46315.0,1011411.0,
813,7,5,4065,2379944228.0,32179.0,1010577.0,
814,7,6,4068,2389068702.0,43479.0,1010940.0,
815,6,7,4070,2381979916.0,38493.0,1011079.0,
816,6,6,4077,2372658811.0,21641.0,1010759.0,
817,5,7,4079,2376300008.0,28888.0,1010746.0,
818,5,5,4088,2382785785.0,21304.0,1011224.0,
819,4,6,4090,2384695374.0,70534.0,1011778.0,
820,4,5,4097,2897079501.0,23745.0,1012079.0,
821,7,6,4103,2742047344.0,48090.0,1011758.0,
822,6,7,4105,2738962917.0,21860.0,1011715.0,
823,5,7,4109,2744048076.0,45024.0,1011168.0,
824,4,7,4113,2742942051.0,15632.0,1011915.0,
825,4,7,4118,2753932565.0,43812.0,1011730.0,
826,3,8,4120,2743319464.0,16192.0,1011119.0,
827,3,5,4131,2725911600.0,60486.0,1014334.0,
828,6,6,4137,2364366573.0,23403.0,1012194.0,
829,5,7,4139,2363622024.0,59214.0,1010635.0,
830,4,7,4143,2361821927.0,24450.0,1011750.0,
831,3,7,4147,2361632209.0,41052.0,1011401.0,
832,4,7,4153,2361332312.0,15041.0,1024296.0,
833,4,8,4156,2364650141.0,32805.0,1017185.0,
834,5,9,4160,2363450183.0,54177.0,1012495.0,
835,4,10,4162,2365954522.0,40292.0,1022875.0,
836,4,10,4167,2364462113.0,53500.0,1038627.0,
837,3,11,4169,2362613325.0,39162.0,1010988.0,
838,3,8,4180,2362720120.0,47947.0,1029628.0,
839,5,9,4185,2363046130.0,37398.0,1011196.0,
840,4,10,4187,2363609393.0,16153.0,1010452.0,
841,3,10,4191,2366390174.0,33547.0,1011199.0,
842,2,10,4195,2364745873.0,16137.0,1048985.0,
843,4,4,4214,2171698327.0,68647.0,1012280.0,
844,3,5,4216,2167538185.0,24508.0,1012033.0,
845,5,5,4223,2166501280.0,66514.0,1010572.0,
846,5,6,4226,2164782348.0,17734.0,1010233.0,
847,4,7,4228,2166501574.0,38278.0,1037817.0,
848,3,6,4234,2164742216.0,49285.0,1010929.0,
849,2,6,4238,2159189934.0,33686.0,1009689.0,
850,3,5,4246,2370613534.0,42196.0,1010446.0,
851,2,6,4248,2894241857.0,33479.0,1010638.0,
852,2,6,4253,2365809973.0,45503.0,1010800.0,
853,3,7,4257,2359976754.0,31148.0,1010657.0,
854,2,8,4259,2360218509.0,35712.0,1017694.0,
855,3,8,4265,2360789272.0,33047.0,1010544.0,
856,2,9,4267,2365168644.0,21527.0,1040382.0,
857,4,9,4274,2364041621.0,41003.0,1020425.0,
858,3,10,4276,2361011058.0,15547.0,1009773.0,
859,5,10,4283,2703350967.0,61644.0,1012026.0,
860,4,11,4285,2362116851.0,17373.0,1048902.0,
861,3,11,4289,2365285905.0,61782.0,1034277.0,
862,2,11,4293,2359259669.0,15590.0,1009988.0,
863,1,10,4299,2361956324.0,46923.0,1011909.0,
864,6,2,4325,2171253547.0,15199.0,1010184.0,
865,6,3,4328,2172613843.0,31936.0,1010416.0,
866,5,4,4330,2175083413.0,41964.0,1010798.0,
867,5,3,4337,2163800207.0,31568.0,1009884.0,
868,6,4,4341,2167575049.0,40861.0,1010440.0,
869,5,5,4343,2170396503.0,33162.0,1010204.0,
870,4,5,4347,2167867005.0,17233.0,1010482.0,
871,8,3,4360,2574278455.0,49306.0,1016125.0,
872,11,4,4366,2166808317.0,15612.0,1009747.0,
873,10,5,4368,2578894162.0,61183.0,1018880.0,
874,9,5,4372,2575936687.0,16710.0,1010892.0,
875,10,5,4378,2175989578.0,51760.0,1011278.0,
876,9,6,4380,2572919875.0,15594.0,1010870.0,
877,9,6,4385,2171271760.0,59379.0,1010670.0,
878,8,7,4387,2578449882.0,23590.0,1040425.0,
879,8,5,4396,2574461892.0,40021.0,1029392.0,
880,7,6,4398,2571717180.0,16568.0,1011066.0,
881,6,4,4406,2573332320.0,42850.0,1011600.0,
882,8,4,4413,2577430546.0,42652.0,1024454.0,
883,8,5,4416,2577367205.0,26658.0,1017821.0,
884,7,6,4418,2580049064.0,45054.0,1047251.0,
885,10,5,4428,2171995759.0,36608.0,1010543.0,
886,9,6,4430,2574866067.0,56987.0,1012268.0,
887,8,6,4434,2577886563.0,38984.0,1011456.0,
888,8,6,4439,2578192611.0,48797.0,1012651.0,
889,8,7,4442,2169616035.0,21755.0,1011364.0,
890,7,8,4444,2582149900.0,68712.0,1012322.0,
891,9,6,4455,2168071550.0,19951.0,1010349.0,
892,8,7,4457,2571638386.0,37909.0,1010566.0,
893,8,7,4462,2172484109.0,18360.0,1010501.0,
894,7,8,4464,2580206140.0,37807.0,1011454.0,
895,8,7,4472,2169343522.0,60263.0,1011564.0,
896,7,8,4474,2579871670.0,39279.0,1011299.0,
897,7,8,4479,2173409978.0,50722.0,1011522.0,
898,6,9,4481,2578687340.0,35439.0,1011441.0,
899,5,5,4493,2578664520.0,49615.0,1012146.0,
900,4,4,4499,2387481241.0,41395.0,1012083.0,
901,4,4,4504,2900018538.0,51235.0,1015041.0,
902,3,5,4506,2381113128.0,22836.0,1011588.0,
903,5,3,4517,2571919860.0,38398.0,1010989.0,
904,4,4,4519,2388801462.0,16909.0,1013993.0,
905,5,4,4525,2379341276.0,32570.0,1010577.0,
906,5,5,4528,2376978642.0,54714.0,1011934.0,
907,7,6,4533,2375907023.0,32112.0,1010681.0,
908,6,7,4535,2384869525.0,50435.0,1012094.0,
909,7,7,4541,2372919331.0,39182.0,1011515.0,
910,7,8,4544,2377910598.0,53550.0,1012051.0,
911,6,9,4546,2379294900.0,33721.0,1010527.0,
912,7,8,4554,2376645210.0,15717.0,1010209.0,
913,6,9,4556,2378090244.0,32153.0,1010858.0,
914,6,9,4561,2375818198.0,22528.0,1011281.0,
915,5,10,4563,2383231500.0,62522.0,1012087.0,
916,7,7,4576,2377655366.0,22762.0,1026633.0,
917,7,8,4579,2379785017.0,64361.0,1012092.0,
918,6,9,4581,2380017252.0,21295.0,1011461.0,
919,5,8,4587,2381970557.0,67756.0,1013672.0,
920,4,8,4591,2381118859.0,23424.0,1015440.0,
921,5,5,4603,2744825126.0,54268.0,1062526.0,
922,4,6,4605,2727591431.0,20629.0,1011169.0,
923,4,6,4610,2578264150.0,17092.0,1011776.0,
924,3,7,4612,2571899720.0,31549.0,1010873.0,
925,4,4,4624,2572500238.0,17575.0,1010886.0,
926,4,5,4627,2567677299.0,40941.0,1010852.0,
927,4,6,4630,3009339380.0,18000.0,1011726.0,
928,3,7,4632,2750520242.0,40954.0,1011449.0,
929,6,5,4644,2566776482.0,15602.0,1010835.0,
930,5,6,4646,2573697205.0,68625.0,1011968.0,
931,5,6,4651,2572089586.0,16243.0,1010879.0,
932,6,7,4655,2571438821.0,62722.0,1014168.0,
933,7,8,4659,2367281142.0,16077.0,1010845.0,
934,6,9,4661,2573674096.0,59991.0,1012213.0,
935,6,9,4666,2363026519.0,15964.0,1010781.0,
936,5,10,4668,2574446780.0,62559.0,1011491.0,
937,4,8,4676,2570206660.0,17009.0,1010771.0,
938,6,6,4687,2569272487.0,58623.0,1014946.0,
939,6,7,4690,2570009542.0,17350.0,1091164.0,
940,5,8,4692,2576731871.0,39420.0,1011782.0,
941,5,7,4699,2570389527.0,16332.0,1011064.0,
942,7,8,4704,2368788365.0,31999.0,1010387.0,
943,6,9,4706,2570280162.0,43002.0,1011076.0,
944,6,9,4711,2363630828.0,33154.0,1010066.0,
945,5,10,4713,2573553235.0,44563.0,1029454.0,
946,4,9,4719,2569315269.0,32061.0,1010860.0,
947,3,7,4727,2574110386.0,48204.0,1056401.0,
948,3,6,4734,2868033645.0,33355.0,1011345.0,
949,6,7,4740,2734083145.0,49567.0,1013004.0,
950,6,8,4743,2732837014.0,17156.0,1011300.0,
951,5,9,4745,2741322017.0,44292.0,1012384.0,
952,4,8,4751,2726166003.0,16119.0,1010638.0,
953,4,8,4756,2740133764.0,43287.0,1012254.0,
954,4,9,4759,2731554748.0,17301.0,1011330.0,
955,3,10,4761,2737685603.0,41561.0,1012879.0,
956,2,8,4769,2725713550.0,18359.0,1010675.0,
957,5,3,4787,2234652525.0,41934.0,1010897.0,
958,6,4,4791,2232066180.0,33661.0,1010213.0,
959,7,5,4795,2231493813.0,15597.0,1010499.0,
960,6,6,4797,2231323283.0,31376.0,1010392.0,
961,6,6,4802,2230569785.0,17434.0,1011200.0,
962,6,7,4805,2236113666.0,60190.0,1016634.0,
963,7,8,4809,2370585926.0,15836.0,1010489.0,
964,6,9,4811,2236604544.0,61005.0,1013312.0,
965,5,9,4815,2233669205.0,17170.0,1010390.0,
966,10,5,4833,2368835324.0,32866.0,1010661.0,
967,9,6,4835,2234033017.0,32634.0,1010682.0,
968,9,6,4840,2369561442.0,31556.0,1010181.0,
969,8,7,4842,2237431912.0,45681.0,1031045.0,
970,8,6,4849,2231117125.0,35072.0,1010182.0,
971,7,7,4851,2232986542.0,46543.0,1012401.0,
972,6,6,4857,2228435540.0,32090.0,1010041.0,
973,8,6,4864,2232874642.0,16433.0,1010154.0,
974,8,7,4867,2374065694.0,35414.0,1011127.0,
975,7,8,4869,2236692974.0,16267.0,1009931.0,
976,6,7,4875,2237622238.0,61563.0,1024354.0,
977,5,7,4879,2232633046.0,15433.0,1010292.0,
978,4,6,4885,2237254384.0,57592.0,1011124.0,
979,7,4,4897,2236103995.0,17596.0,1010835.0,
980,8,5,4901,2237372466.0,31944.0,1010341.0,
981,8,6,4904,2235028272.0,55361.0,1011150.0,
982,7,7,4906,2233249122.0,33328.0,1010141.0,
983,7,6,4913,2229218174.0,46288.0,1011727.0,
984,7,7,4916,2236841924.0,31106.0,1010474.0,
985,6,8,4918,2235160621.0,29507.0,1011041.0,
986,6,5,4929,2236221044.0,31149.0,1009942.0,
987,5,6,4931,2230890989.0,20603.0,1010633.0,
988,10,5,4943,2378766383.0,71435.0,1011890.0,
989,9,6,4945,2232142740.0,22536.0,1010863.0,
990,9,6,4950,2373929200.0,67312.0,1011803.0,
991,8,7,4952,2230068611.0,16563.0,1010503.0,
992,9,6,4960,2377722700.0,59337.0,1011355.0,
993,8,7,4962,2231899489.0,21796.0,1010748.0,
994,8,7,4967,2368924269.0,32849.0,1011163.0,
995,7,8,4969,2237135445.0,47036.0,1011458.0,
996,6,6,4977,2232421525.0,38577.0,1010723.0,
997,5,6,4981,2236550298.0,53446.0,1011522.0,
998,4,6,4985,2234841387.0,39016.0,1011574.0,
999,5,5,4993,2234001344.0,41098.0,1010426.0,
1000,5,6,4996,2231744760.0,35310.0,1010464.0,
1001,4,7,4998,2233697775.0,23954.0,1011432.0,
1002,3,6,5004,2235289614.0,60136.0,1011212.0,
1003,6,4,5016,2411511949.0,15529.0,1010062.0,
1004,6,5,5019,2419294361.0,58312.0,1011727.0,
1005,5,6,5021,2415716103.0,18494.0,1010650.0,
1006,4,5,5027,2414147148.0,61626.0,1011132.0,
1007,3,5,5031,2413865316.0,15589.0,1010230.0,
1008,5,5,5038,2586354722.0,48782.0,1011375.0,
1009,4,6,5040,2583109052.0,16977.0,1010617.0,
1010,4,6,5045,2769687247.0,38078.0,1011336.0,
1011,3,7,5047,2747390453.0,23013.0,1010948.0,
1012,2,6,5053,2420985676.0,22870.0,1011127.0,
1013,4,4,5064,2578387822.0,32653.0,1030003.0,
1014,5,5,5068,2377109066.0,16555.0,1011659.0,
1015,4,6,5070,2379084183.0,60912.0,1010765.0,
1016,4,6,5075,2375945258.0,16097.0,1010622.0,
1017,3,7,5077,2382424065.0,62227.0,1010817.0,
1018,4,5,5087,2171094662.0,15850.0,1010307.0,
1019,9,6,5095,2741945991.0,66259.0,1013426.0,
1020,8,7,5097,2184288334.0,26124.0,1013531.0,
1021,8,7,5102,2737135207.0,41199.0,1011119.0,
1022,7,8,5104,2174124870.0,16884.0,1012908.0,
1023,6,7,5110,2174171679.0,32359.0,1011976.0,
1024,5,7,5114,2176691622.0,42093.0,1014434.0,
1025,5,7,5119,2172315826.0,33685.0,1010218.0,
1026,4,8,5121,2176142673.0,42416.0,1010722.0,
1027,4,7,5128,2172180135.0,35656.0,1010472.0,
1028,3,8,5130,2172299507.0,16439.0,1009897.0,
1029,5,6,5141,2175017193.0,58011.0,1011331.0,
1030,5,7,5144,2171703849.0,16674.0,1010296.0,
1031,4,8,5146,2174795647.0,60156.0,1010691.0,
1032,4,7,5153,2178348853.0,18044.0,1011357.0,
1033,3,8,5155,2173061483.0,33941.0,1010859.0,
1034,2,7,5161,2172234275.0,27236.0,1012601.0,
1035,3,5,5171,2372659058.0,33083.0,1036537.0,
1036,2,6,5173,2375818575.0,46765.0,1044526.0,
1037,3,6,5179,3125922199.0,33004.0,1011402.0,
1038,3,7,5182,3035197205.0,45159.0,1014610.0,
1039,3,8,5185,2720503494.0,16314.0,1011037.0,
1040,3,9,5188,2725599399.0,44754.0,1019804.0,
1041,2,10,5190,2720750432.0,17037.0,1011144.0,
1042,2,7,5201,2551156537.0,46734.0,1011797.0,
1043,1,8,5203,2546291730.0,32696.0,1010543.0,
1044,5,3,5222,2177425657.0,47154.0,1010675.0,
1045,4,4,5224,2171631960.0,32524.0,1010597.0,
1046,6,4,5231,2168409471.0,15955.0,1010342.0,
1047,5,5,5233,2169500412.0,35678.0,1010021.0,
1048,4,5,5237,2167702304.0,17661.0,1010371.0,
1049,8,5,5246,2170060329.0,56524.0,1009953.0,
1050,7,6,5248,2165356806.0,16244.0,1009970.0,
1051,9,6,5255,2373755630.0,59383.0,1010934.0,
1052,8,7,5257,2169142404.0,15972.0,1010982.0,
1053,8,7,5262,2368891456.0,32958.0,1010375.0,
1054,7,8,5264,2172289629.0,40811.0,1010309.0,
1055,6,7,5270,2167774664.0,31702.0,1010255.0,
1056,5,6,5276,2170142296.0,44136.0,1010790.0,
1057,5,6,5281,2166433590.0,32931.0,1010455.0,
1058,6,7,5285,2169248808.0,16030.0,1010011.0,
1059,5,8,5287,2169372976.0,33274.0,1010064.0,
1060,4,8,5291,2168046300.0,15773.0,1010404.0,
1061,3,6,5299,2174180269.0,62038.0,1010761.0,
1062,6,4,5311,2597335983.0,18211.0,1010720.0,
1063,5,5,5313,2608956560.0,60071.0,1011069.0,
1064,4,5,5317,2603356254.0,15749.0,1017175.0,
1065,4,5,5322,2603968572.0,57251.0,1011162.0,
1066,5,6,5326,2941940786.0,15626.0,1011613.0,
1067,4,7,5328,2954683376.0,47760.0,1012101.0,
1068,3,7,5332,2737697580.0,15980.0,1030093.0,
1069,5,5,5343,3309355774.0,44758.0,1013899.0,
1070,4,6,5345,2990131995.0,16614.0,1031796.0,
1071,4,6,5350,3278137545.0,46520.0,1013125.0,
1072,7,7,5356,2729841808.0,16515.0,1010285.0,
1073,7,8,5359,2567865062.0,43196.0,1011122.0,
1074,6,9,5361,2731236858.0,34070.0,1010702.0,
1075,5,8,5367,2738255213.0,44144.0,1011080.0,
1076,7,8,5374,2567017093.0,17476.0,1011010.0,
1077,6,9,5376,2740756537.0,60583.0,1011257.0,
1078,5,9,5380,2728486377.0,15480.0,1010754.0,
1079,4,9,5384,2731929568.0,46623.0,1011842.0,
1080,3,8,5390,2727901508.0,16160.0,1011134.0,
1081,4,6,5400,3277509996.0,46323.0,1042714.0,
1082,3,7,5402,2740450499.0,23734.0,1012658.0,
1083,4,7,5408,2760602573.0,62668.0,1013671.0,
1084,4,8,5411,2757456543.0,20599.0,1011737.0,
1085,3,9,5413,2757435864.0,61838.0,1013127.0,
1086,3,8,5420,2735839099.0,22664.0,1012292.0,
1087,2,9,5422,2739827926.0,55834.0,1034924.0,
1088,4,4,5439,2385999262.0,23207.0,1012689.0,
1089,3,5,5441,2565518617.0,68226.0,1012104.0,
1090,4,5,5447,2569914900.0,22453.0,1011818.0,
1091,3,6,5449,2742498232.0,84683.0,1196856.0,
1092,4,6,5455,2373932670.0,22752.0,1011348.0,
1093,4,7,5458,2368352747.0,32899.0,1036453.0,
1094,3,8,5460,2368462674.0,17842.0,1011117.0,
1095,2,7,5466,2372716912.0,39321.0,1010989.0,
1096,6,5,5479,2380120111.0,48408.0,1012017.0,
1097,6,6,5482,2376702580.0,38428.0,1011024.0,
1098,5,7,5484,2378545855.0,57735.0,1012716.0,
1099,4,6,5490,2378181005.0,32973.0,1010633.0,
1100,3,6,5494,2381916179.0,43505.0,1011079.0,
1101,2,6,5498,2379873390.0,31839.0,1133046.0,
1102,3,6,5504,2369581051.0,21977.0,1010804.0,
1103,2,7,5506,2371794771.0,33116.0,1020820.0,
1104,6,7,5515,2359667774.0,21295.0,1010452.0,
1105,5,8,5517,2362075831.0,63292.0,1011790.0,
1106,4,8,5521,2358316932.0,22095.0,1011373.0,
1107,5,8,5527,2361812005.0,71447.0,1011526.0,
1108,5,9,5530,2360842034.0,19686.0,1011163.0,
1109,5,10,5533,2157619799.0,54074.0,1010692.0,
1110,4,11,5535,2357982143.0,20940.0,1010576.0,
1111,4,9,5544,2361128953.0,38257.0,1010532.0,
1112,4,10,5547,2362545721.0,56323.0,1012179.0,
1113,3,11,5549,2357425022.0,32262.0,1011095.0,
1114,6,8,5563,2365136104.0,45710.0,1011010.0,
1115,5,9,5565,2360579272.0,30888.0,1010799.0,
1116,6,9,5571,2163366285.0,48137.0,1011809.0,
1117,5,10,5573,2357845793.0,40750.0,1018788.0,
1118,4,10,5577,2358019378.0,15658.0,1010369.0,
1119,5,9,5585,2359360268.0,26595.0,1010686.0,
1120,5,10,5588,2161348760.0,16167.0,1010373.0,
1121,4,11,5590,2361881233.0,67055.0,1012337.0,
1122,3,10,5596,2357500933.0,17595.0,1010792.0,
1123,2,9,5602,2360850343.0,75917.0,1011994.0,
1124,2,8,5609,2357722954.0,16855.0,1011060.0,
1125,1,9,5611,2358805943.0,35429.0,1010258.0,
1126,4,4,5629,2391644720.0,17752.0,1014864.0,
1127,3,5,5631,2754380312.0,37345.0,1011558.0,
1128,5,5,5638,2173532178.0,34371.0,1010163.0,
1129,4,6,5640,2169522810.0,32573.0,1010103.0,
1130,4,6,5645,2174418650.0,45895.0,1010883.0,
1131,5,7,5649,2172593044.0,34406.0,1009715.0,
1132,4,8,5651,2171711862.0,22620.0,1011180.0,
1133,3,8,5655,2170478009.0,33122.0,1009965.0,
1134,6,6,5667,2171637359.0,28222.0,1010631.0,
1135,7,7,5671,2173495591.0,71652.0,1011519.0,
1136,6,8,5673,2166841974.0,20984.0,1010298.0,
1137,6,8,5678,2173898984.0,76409.0,1011728.0,
1138,6,9,5681,2548163053.0,17429.0,1010725.0,
1139,5,10,5683,2167471625.0,35729.0,1010616.0,
1140,5,7,5694,2170835948.0,31349.0,1010144.0,
1141,7,8,5699,2553372321.0,39899.0,1011686.0,
1142,6,9,5701,2174083130.0,60826.0,1011907.0,
1143,5,9,5705,2168991419.0,38273.0,1010935.0,
1144,4,9,5709,2171142736.0,43562.0,1011045.0,
1145,5,7,5719,2170036484.0,26585.0,1010336.0,
1146,7,8,5724,2556575056.0,15688.0,1010606.0,
1147,6,9,5726,2168001936.0,35681.0,1009787.0,
1148,5,9,5730,2172219247.0,16186.0,1009844.0,
1149,5,9,5735,2174192243.0,60806.0,1010831.0,
1150,5,10,5738,2551719094.0,15787.0,1011210.0,
1151,4,11,5740,2172803535.0,60106.0,1010904.0,
1152,3,8,5750,2170471787.0,17615.0,1010683.0,
1153,6,7,5760,2171028694.0,32712.0,1009990.0,
1154,7,8,5764,2550636295.0,41726.0,1010876.0,
1155,6,9,5766,2175905963.0,41881.0,1010379.0,
1156,6,9,5771,2554425578.0,62547.0,1013530.0,
1157,5,10,5773,2171704947.0,34377.0,1009917.0,
1158,7,8,5784,2550205761.0,45039.0,1011648.0,
1159,6,9,5786,2169954976.0,39784.0,1011280.0,
1160,5,9,5790,2174479527.0,22978.0,1010969.0,
1161,6,9,5796,2545572039.0,40471.0,1010744.0,
1162,5,10,5798,2172771551.0,20802.0,1010233.0,
1163,5,10,5803,2554357750.0,71398.0,1012794.0,
1164,4,11,5805,2170962426.0,17064.0,1010587.0,
1165,3,8,5815,2174110481.0,61668.0,1010507.0,
1166,3,8,5820,2173933957.0,24036.0,1011395.0,
1167,2,9,5822,2169059072.0,40742.0,1011311.0,
1168,4,5,5837,2909715854.0,18527.0,1011729.0,
1169,6,6,5842,2564032906.0,22270.0,1012110.0,
1170,5,7,5844,2565249835.0,24429.0,1033693.0,
1171,7,7,5851,2559599601.0,16152.0,1014011.0,
1172,6,8,5853,2568109741.0,58766.0,1013121.0,
1173,7,8,5859,2168569397.0,22463.0,1011757.0,
1174,6,9,5861,2570749446.0,69091.0,1016546.0,
1175,6,9,5866,2166153250.0,22393.0,1011220.0,
1176,5,10,5868,2573886988.0,59141.0,1143842.0,
1177,4,8,5876,2571308763.0,16664.0,1219100.0,
1178,3,7,5882,2569979779.0,59286.0,1014549.0,
1179,4,6,5890,2374877143.0,21871.0,1011270.0,
1180,4,7,5893,2372189386.0,40897.0,1011303.0,
1181,3,8,5895,2372412525.0,32727.0,1011631.0,
1182,2,7,5901,2373054796.0,39703.0,1011085.0,
1183,3,6,5909,2181203221.0,56527.0,1012905.0,
1184,2,7,5911,2169146600.0,39543.0,1010782.0,
1185,2,7,5916,2172579688.0,43985.0,1011971.0,
1186,1,8,5918,2171207595.0,33865.0,1010718.0,
1187,4,5,5932,2573839967.0,15558.0,1010122.0,
1188,5,6,5936,2742836303.0,31618.0,1011309.0,
1189,4,7,5938,2737444626.0,15681.0,1010953.0,
1190,4,7,5943,2746185134.0,26259.0,1012087.0,
1191,3,8,5945,2760975308.0,15800.0,1013431.0,
1192,2,6,5953,2561906228.0,39006.0,1011553.0,
1193,6,6,5962,2558185888.0,41028.0,1011451.0,
1194,5,7,5964,2562557020.0,49059.0,1012879.0,
1195,8,7,5972,2167845360.0,33074.0,1010991.0,
1196,7,8,5974,2564685714.0,56671.0,1013858.0,
1197,6,8,5978,2557559938.0,32926.0,1010777.0,
1198,5,8,5982,2567967661.0,57191.0,1012617.0,
1199,4,8,5986,2558806050.0,38221.0,1011447.0,
1200,3,7,5992,2564780737.0,54435.0,1018731.0,
1201,2,7,5996,3000893209.0,37742.0,1012888.0,
1202,1,7,6000,2723493969.0,53656.0,1020588.0,
1203,4,6,6010,2730999295.0,17302.0,1011432.0,
1204,4,7,6013,2727992233.0,46481.0,1050181.0,
1205,3,8,6015,2717878106.0,22345.0,1012014.0,
1206,8,7,6027,2165467136.0,30377.0,1010230.0,
1207,7,8,6029,2904818846.0,34134.0,1013115.0,
1208,7,8,6034,2165466788.0,16713.0,1010249.0,
1209,6,9,6036,2906630623.0,34201.0,1027849.0,
1210,5,8,6042,2913036792.0,24304.0,1012196.0,
1211,4,8,6046,2910784701.0,24208.0,1156862.0,
1212,6,8,6053,3297927699.0,53795.0,1013473.0,
1213,6,9,6056,2164758011.0,23713.0,1011385.0,
1214,5,10,6058,3287227385.0,53680.0,1012461.0,
1215,5,9,6065,3158764366.0,17904.0,1016414.0,
1216,4,10,6067,3166448479.0,45428.0,1014723.0,
1217,3,9,6073,3023106183.0,22156.0,1016769.0,
1218,2,8,6079,3002162947.0,46617.0,1093316.0,
1219,3,7,6087,2367558220.0,18421.0,1030549.0,
1220,4,8,6091,2368826797.0,61096.0,1015481.0,
1221,3,9,6093,2368719812.0,15274.0,1012073.0,
1222,3,9,6098,2367904379.0,31591.0,1039968.0,
1223,3,10,6101,2366267989.0,29577.0,1016430.0,
1224,2,11,6103,2364681633.0,34227.0,1022645.0,
1225,3,8,6115,2370312528.0,44782.0,1025267.0,
1226,2,9,6117,2365930731.0,32155.0,1009966.0,
1227,3,9,6123,2365609213.0,46346.0,1021612.0,
1228,2,10,6125,2366386324.0,33428.0,1009818.0,
1229,1,10,6129,2368297479.0,36460.0,1009880.0,
1230,4,7,6143,2197627016.0,40626.0,1010912.0,
1231,3,8,6145,2201443295.0,22256.0,1011123.0,
1232,4,8,6151,2213349437.0,62134.0,1015403.0,
1233,6,9,6156,2161740707.0,17561.0,1010569.0,
1234,5,10,6158,2203279519.0,68758.0,1010765.0,
1235,4,10,6162,2198796063.0,20930.0,1010372.0,
1236,3,10,6166,2202965939.0,38224.0,1010768.0,
1237,4,9,6174,2201504826.0,29866.0,1010230.0,
1238,5,10,6178,2161046958.0,38574.0,1010490.0,
1239,4,11,6180,2202983781.0,60413.0,1041355.0,
1240,3,11,6184,2200145253.0,39292.0,1010763.0,
1241,3,10,6191,2201411956.0,37040.0,1010515.0,
1242,2,11,6193,2202260566.0,39522.0,1011179.0,
1243,1,8,6203,2203477195.0,17248.0,1049544.0,
1244,0,8,6207,2202671744.0,66566.0,1010782.0,
